aujxyb	2019-02-25 10:48:25	 2019	2	 25	 Today I drove around the north shore of Maui, Hawaii	thankssoymatcha
aurynr	2019-02-25 23:26:53	 2019	2	 25	 Recreating the final scene from Gladiator in Val d'Orcia, Tuscany	raxelvanschred
aulzu9	2019-02-25 14:47:56	 2019	2	 25	 Jiufen Old Street in Taiwan has to be the most picturesque little village I’ve ever visited.	RaeShiSan
aukrli	2019-02-25 12:33:15	 2019	2	 25	 Morning in Shanghai from the 88th floor	czhamilt
aumll3	2019-02-25 15:46:10	 2019	2	 25	 View from my hotel room in Brides Les Bains, France	weedmylips1
aui57a	2019-02-25 06:44:35	 2019	2	 25	 Had our own beautiful snorkel beach at our resort on St Croix, US VI. For such a small beach, we saw many different varieties of fish.	ResIpsa79
aulzt6	2019-02-25 14:47:49	 2019	2	 25	 Commuting in the Central African Republic	valeyard89
aukn0e	2019-02-25 12:17:56	 2019	2	 25	 Jungfraujoch, the top of Europe, during a beautiful day yesterday.	kaaayceee
auk91p	2019-02-25 11:29:55	 2019	2	 25	 My first ski trip, Madonna Di Campiglio, Italy	tmr2003
aut98p	2019-02-26 01:32:44	 2019	2	 26	 Taking the cog railway up Mount Washington in New Hampshire	Phantasma99
aut54w	2019-02-26 01:21:34	 2019	2	 26	 Uluru/Ayers Rock, Australia. I didn't quite believe the hype until I visited.	kawecki13
aun427	2019-02-25 16:31:32	 2019	2	 25	 Bulgaria?	Oax_Mike
aukm5e	2019-02-25 12:14:56	 2019	2	 25	 Cheapest places to live which offer a good Internet connection?	freeroute
auu4bx	2019-02-26 02:58:22	 2019	2	 26	 View from our AirBnB in Amalfi, Italy. Caught some really good weather in February. But also caught a snow storm on our last day.	SourdoughPizzaToast
austi1	2019-02-26 00:49:46	 2019	2	 26	 I wish bunkbed sleeper planes existed for long-haul travel	Matador808
auummf	2019-02-26 03:49:31	 2019	2	 26	 The sun rising over Tokyo's Imperial Palace	EmperorPrime
auqz1b	2019-02-25 21:58:22	 2019	2	 25	 Amazing View Alps, Courmayeur, Italy (september 2018)	benzox12
auqlw3	2019-02-25 21:27:03	 2019	2	 25	 Ongi Monastery Ruins in Mongolia	MissMadafaka
autitu	2019-02-26 01:59:38	 2019	2	 26	 The ancient city of Petra, Jordan	Tusawero
auk8wd	2019-02-25 11:29:21	 2019	2	 25	 What are some good Whisky tours in Scotland?	fghddj
auinrr	2019-02-25 07:49:49	 2019	2	 25	 What is on your personal travel bucket list?	vamp111
auih7m	2019-02-25 07:25:40	 2019	2	 25	 A beautiful mosque in Shiraz.	Victorman477
auo4k9	2019-02-25 17:59:36	 2019	2	 25	 Solo Travel to Peru in March. Too rainy?	spetri3658
aujgei	2019-02-25 09:39:28	 2019	2	 25	 GERMANY roadtrip ... recommendations?	marek3177
auu50o	2019-02-26 03:00:23	 2019	2	 26	 Venetian Hotel Lobby Macau China [ OC ] [2048x2048]	VisitingEarth11
auth8r	2019-02-26 01:55:10	 2019	2	 26	 Ord-AMS via reykjavik with Iceland Air	cmdrmcgarrett
aural1	2019-02-25 22:26:24	 2019	2	 25	 I have a work trip coming up and I'm embarrassed about not having any real experience on an airplane. Help!	embarrassedtrashcan
auoszo	2019-02-25 18:56:00	 2019	2	 25	 Support Staff role at American Summer Camps	donottouchmysalad
auo9kg	2019-02-25 18:11:00	 2019	2	 25	 Travel and work in Canada/Australia/NZ	PutItDeeperPls
aunpby	2019-02-25 17:22:58	 2019	2	 25	 Barcelona T1 early flight	Da_Shi
aukpi4	2019-02-25 12:26:18	 2019	2	 25	 Bangkok - Evening & a morning	Chimera140189
auizqx	2019-02-25 08:35:03	 2019	2	 25	 First time Europe travel with a few questions?	will70723
auvhdu	2019-02-26 05:17:16	 2019	2	 26	 Please take a look at the cities I'm possibly visiting for my Switzerland -> Austria trip	darkness_myoldfriend
auuxxq	2019-02-26 04:21:22	 2019	2	 26	 Help me decide on where to adventure!	Hammerhawk3
auuc90	2019-02-26 03:20:26	 2019	2	 26	 Has Anybody Traveled to Odzala-Kokoua National Park?	chillax63
autiel	2019-02-26 01:58:28	 2019	2	 26	 Volunteer in Vietnam, Nepal, or Sri Lanka?	the_lurkerman
aus5th	2019-02-25 23:45:18	 2019	2	 25	 Favorite ideas for a honymoon roadtrip?	paturner2012
aurfb7	2019-02-25 22:37:55	 2019	2	 25	 Planning a trip to Australia, is visiting Coober Pedy worth it?	morceaudechance
auqlv2	2019-02-25 21:26:57	 2019	2	 25	 Do any of you ever have issues flying internationally when you purchase multiple one way tickets?	bickingbackbeinbool
auql88	2019-02-25 21:25:27	 2019	2	 25	 Any good wineries to visit between Palm Springs and San Diego?	son_of_milhouse
auqfnd	2019-02-25 21:12:10	 2019	2	 25	 Roadtrip from SF - LA, looking for recommendations!	KapiteinRoodbaard97
auqfmz	2019-02-25 21:12:09	 2019	2	 25	 I'm looking for some advice on planning my trip to Spain around seeing the El Castillo cave in Puento Viesgo	probablyagiven
auqcuv	2019-02-25 21:05:31	 2019	2	 25	 Traveling to Gibraltar for a Day	artzeros
aunb0p	2019-02-25 16:48:36	 2019	2	 25	 Where to go for one week in Mexico? Looking for a varied trip	MightyLighty
aun2av	2019-02-25 16:27:16	 2019	2	 25	 Headphone adapter for El Al Airlines?	Himura251
aukzzu	2019-02-25 13:00:46	 2019	2	 25	 I feel as if I’m not enjoying my vacation enough	pinkie7_
auixc4	2019-02-25 08:25:11	 2019	2	 25	 Is traveling from London to Amsterdam better by train or plane?	strawberrymoth
auv9d8	2019-02-26 04:54:54	 2019	2	 26	 Things to do in Salt Lake City	DogtorPepper
auussw	2019-02-26 04:06:59	 2019	2	 26	 Has anyone traveled with LEVEL Airlines?	fl1ntfl0ssy
auusrz	2019-02-26 04:06:56	 2019	2	 26	 Italy Itinerary Recommendations (May 2019) - Cinque Terre? Florence? Something else?	CurlyMope
auuoly	2019-02-26 03:55:01	 2019	2	 26	 London during easter?	DawgTroller
auunun	2019-02-26 03:52:54	 2019	2	 26	 Tips for traveling Israel in a bit over a week...	atrocity__exhibition
auumn1	2019-02-26 03:49:34	 2019	2	 26	 Yellow Fever Certification for Santa Marta	NephewBA
auu57j	2019-02-26 03:00:52	 2019	2	 26	 Slovenia to Florence in 10 days.. doable?	Hurraybeer93735
ausjjm	2019-02-26 00:21:43	 2019	2	 26	 I am interested in small boat tours and am looking for suggestions?	lemongrenade
aus4t6	2019-02-25 23:42:44	 2019	2	 25	 Multi-night trek in Europe in the spring?	edmar10
aurbhw	2019-02-25 22:28:37	 2019	2	 25	 Brazil and Argentina	yytyyc
auqzjs	2019-02-25 21:59:37	 2019	2	 25	 Priceline Express Scam - Schrödinger's Star Rating	TravelThrowawayOahu
auq7fe	2019-02-25 20:53:18	 2019	2	 25	 Best time to get a flight to middle east?	tbgxspirit
auoqxo	2019-02-25 18:51:24	 2019	2	 25	 Need reccomendations on where to stay in Los Angeles	alocotpi
auobrf	2019-02-25 18:16:13	 2019	2	 25	 Does anyone know that best way to buy flights for a group? Like 16-18 people? Any specific tips or websites or something?	LeanSpark
auo9ml	2019-02-25 18:11:10	 2019	2	 25	 How could I have a package mailed to a city I am traveling to where I have no personal connections?	rucker7
auo2hb	2019-02-25 17:54:28	 2019	2	 25	 Location suggestions for winter in the Dolomites	slicslack
auntek	2019-02-25 17:32:45	 2019	2	 25	 2 day options?	Accurate_Tree
aunsiu	2019-02-25 17:30:43	 2019	2	 25	 2D1N Inca Trail - Machu Picchu- Peru	andrewpat91
aumkxx	2019-02-25 15:44:34	 2019	2	 25	 Road Trip without destinations: a life of mobility	Phoebe149L
aum3d0	2019-02-25 14:58:03	 2019	2	 25	 Greek Islands in Early April (Santorini, Milos, Folegandros)	kdd603
aulmzy	2019-02-25 14:10:33	 2019	2	 25	 Travelling to Italy for 3 weeks. Please help with my itinerary!	AmazingPraline
aukdh2	2019-02-25 11:46:06	 2019	2	 25	 Traveling the first two weeks of June - I'd love to hit Venice, Amsterdam and Lisbon. How many days should I reserve for each place?	AllieNB
aujoe6	2019-02-25 10:11:17	 2019	2	 25	 What is Central America like in July?	NotSomeBall1
auicbk	2019-02-25 07:08:14	 2019	2	 25	 Hostels in Japan	Ms_Hugh_Jass
autca2	2019-02-26 01:41:00	 2019	2	 26	 Using a different visa to enter?	rou_jo
aurmau	2019-02-25 22:55:25	 2019	2	 25	 What games do you play while on a trip?	RoyalCheek
aurgyo	2019-02-25 22:41:55	 2019	2	 25	 How safe is Costa Rica?	Formalfan1234
aur1fa	2019-02-25 22:03:50	 2019	2	 25	 Help me find the right place for me and my buds in Key West? (6-8 people April 12th-13th)	pukingbuzzard
auki8p	2019-02-25 12:02:17	 2019	2	 25	 Family Silverware, Stamp Collection, homemade wine	droid6578star
autbl2	2019-02-26 01:39:05	 2019	2	 26	 Wanting to plan a 2 week trip to London, Paris, Italy, and Greece, but finding difficulty in achieving that	hazeldoog
aupipv	2019-02-25 19:56:24	 2019	2	 25	 Carribean in August?	Lucamryn
auhswr	2019-02-25 06:04:33	 2019	2	 25	 Need to fly without ID	HenryBalzac
