submission_id,top_destination,top_organization,top_product
8h6aao,"switzerland,italy,finland,australia,colorado","aus,sf giants,wengen,saimaa lapland,hahah",phi phi island
95l2e6,"nk,japan,north korea,india,sk","cia,mcd,sk,eurojunk,basilica","run,gotta,fucking,tuk tuks,darjeeling express 2 tuk tuk"
8yj2tg,"us,kyoto,japan,europe,tokyo","eu,google maps,love europe,visit.,well,chance.,dc","ng,better fluid"
8i4939,"switzerland,belgium,england,op,halbtax","interlaken,ga,wengen,audi,lotr","usd 7,usd 6"
85awza,"paris,france,seine,versailles,eiffel","eiffel tower,buy metro passes,cafe,crepes,steps",
8tgt8u,"us,italy,punto,mustang,europe","fiat,bmw,mazda,ford,chrysler","500,jetta,panda,fit,cavalier"
a2k3kn,"asia,chicago,europe,nepal,us","amtrak,usd,imo,mate.,thank,tims","lobuche ebc,sloth bears,annapurna,sea 2 months,google translate"
8k79uf,"uk,london,bacup,england,wales","google,broadchurch,luther,proto indo,ahh","dingle,windows 7,jurassic,atonement,jurassic coast?a"
850ktw,"california,colorado,us,tn,illinois","tat,bmw,ar,ny,banff national park canada","cherokee,the low point,shadow,discovery routes,f700 gs gpr"
8nsv7u,"colorado,op,europe,photo.,don,ecuador","lol,it.,after,imma,understood,swingline","can't?,ha"
a7k36p,"iraq,mosul,us,iran,op","roe,mm,isil,reddit,lot","imgur,m16s,arabia,google,rule 1 civil"
9i7cni,"gaelic,scotland,skye,edinburgh,bucharest","airbnb,cardiff,til,uists,priceline negotiator express","skye,the clan donald centre"
9o5cwb,"us,africa,uganda,kenya,europe","peace corps,bwindi,toast.,i'm 6',livingstone lusaka,malawians","nabeta,marrakech?,lack,murchison national,3years,independence ave.,wat"
8ml0fg,"la,switzerland,chicago,texas,indiana","tx,bfs,lol,swiss national statistics office,bernd berndt switzerland 2016","j rg reto,slobodan amirite svp,ass,chalet,schiessgefahr"
8a6lq1,"switzerland,zurich,ireland,geneva,colorado","eu,tldr,interlaken,spiez,9k",vs
90xu38,"peru,machu,us,lima,aconcagua","cusco,sony,inca,salkantay,machu picchu","sep,vinicunca rainbow mountain"
8zocnz,"switzerland,colorado,austria,denver,loveland arapahoe basin","pnw,the roof alpine coaster,lol,this wiegand brandauer oeschinensee,interlaken","action park,maybe 2 3 min,schlithorn"
afv4fs,"north korea,us,china,nk,america","nk brownie,varsity,microsd,mft,wc","imgur,edit 2,windows,executionorder 66,simcity"
8wjki5,"tanzania,africa,nairobi,kenya,ngorongoro","serengeti,safari,arusha,google maps,hoedspruit phalaborwa","arusha,tripadvisor safaribookings,toto.,fucmin"
a8dalo,"detroit,iraq,us,jordan,kurdistan","lgbtq,dhana,st. claire shores,harpo,jazz","middle east.,how fez,owo"
agjgq7,"north korea,us,china,nk,pyongyang","ama,reddit,kju,air koryo,air china","football ice hockey,ama?,i'm"
9m9jd8,"london,europe,china,australia,nyc","harrods,covent garden,oxford street,london eye,chelsea","one 2,michelin,hp,forbidden planet,nyc edit"
85p8uj,"japan,kumano,western japan,osaka,northern japan","tohoku,sierra club,rei,mount koya,koya san mt. koya",best fucking egg salad evar
8rsqnr,"milan,us,italy,america,uk","mcdonald,mcdonalds,mcdonald's,prada,oxford circus","720k,english.,you,nyc london.,the,the last supper,mcdonald s"
8n82x7,"turkey,asia,istanbul,egypt,middle east mediterranean","cappadocia,gf,hot air balloon,hot air ballooning bagan,imho","bodrum,village cave house hotel"
ab9p2b,"morocco,brooklyn,spain,chefchaouen,mordor","tangier,always sunny philadelphia,childish.,i,wifi,tangier chefchaouen","google fi,google,chefchauouen,tangier chefchaouen fez"
86m674,"thailand,bangkok,italy,romanian,vietnam","ac,bologna,bkk,imo,sea","siem reap,empire builder,gorge first time.,cool,surprisingly,ac?,good"
8u0vsi,"perugia,umbria,assisi,spello,us","cc,delta aa united southwest,cc 11 month,light,bs",
9hnf6w,"prague,europe,us,vysehrad,letna park","i.imgur.com,peetzborg,becherovka,google maps,prague christmas markets","20?,ne"
86tbyy,"france,strasbourg,colmar,op,alsacien","hdr,petite france,international de pontonniers,tomi ungerer,la villa rosa les trois epis 30mn","op s,beauty beast!if"
arzmfo,"barcelona,europe,ombra,calderon,spain","reddit,barcel el raval,trailscape 18 l,pacsafe,anor londo",sagrada
8hmq7f,"morocco,spain,netherlands,france,uk","eu,nl,visa,gibraltar,tangier","garden bouknadel,iphone 6,gibraltar,japanese.,you,youi"
aa4k9h,"america,op,us,georgia,asia","delta,atc,reddit,boeing,ac","a320,qx.,i,windows,wi fi,compass republic flying crjs.,i"
9m311t,"turkey,istanbul,grand bazaar,syria,london","atc,turkish airlines,coron,stick turkish airways,karakoy","baggage claims,use?,lol"
81a9w5,"italy,states,france,lake como,geneva","varenna,aus,n italy,villa gallietta,achaaaaaaa","varenna,lago di como,achaaaaaaa"
915rlc,"machu,peru,picchu,santa cruz,south america","machu picchu,salkantay,c c c,picchu,inca","buddy,cordillera blanca cordillera huayhuash"
9cudi6,"slovenia,ljubljana,sweden,denmark,matura","eu,bled,triglav,study',copenhagen","eea,bled day,bohinj 30,lake bled,witcher 3"
8sq74z,"spain,seville,europe,us,sevilla","ac,andalucia,innacurate,heliopolis,noooooo",real alcazar
9y80a3,"paris,iceland,musee,san rocco,germany","louvre,arc de triomphe,uffizi gallery,imo,pulp fiction","napoleon,mona lisa,imgur,eiffel tower,louvre"
8l12rk,"venice,italy,us,europe,rome","amtrak,google,packed,disneyland,google flights","venice.,had,love cinque terra,mid april"
8usgz7,"georgia,tbilisi,canada,dubai,mestia","svaneti,ushguli,airbnb,georgia italy eastern europe,fyrom","chicken,verde,visa there?,hey"
8p9x63,"machu,sun gate,peru,rainbow mountain,macchu pichu","inca trail,cusco,salkantay,inca,under30experiences","cusco 2,inca point"
8xabof,"switzerland,alps,voldemort,zurich,basel","know.,well,grindelwald,went baselworld,called?,i,the eiger trail","hp,eiger troll"
9lglhs,"georgia,uzbekistan,kazakhstan,central asia,kyrgyzstan","atm,rtw,acc,usd,odd","my air astana,female?male"
a7b6t8,"brussels,london,belgium,dublin,bruges","lotr,matrix,disney land,shorts,bruges",terminator 1 2
9k4370,"mexico,mexico city,us,germany,hindenburg","olmecs,zeppelin,sheraton,iphone 7,flying pictures","puerto escondido,mx,iphone 7,captain,flying pictures mx"
8oqscw,"india,delhi,colorado,oregon,seattle","usd,ac,mt defiance,sierra,chardonnay","yosemite sequoia,tripadvisor"
8wccl0,"edinburgh,scotland,london,uk,ireland","pizza hut,elephant house,starbucks,fringe,the elephant house","hp,old town,fringe,lunch cafe royal,wheel"
ahxu39,"georgetown,malaysia,asia,india,us","lgbt,kl,india buddhism,especially,google",300 400
8o054c,"switzerland,alps,alpina,wengen.,my,regina","corpus christi,sion,bond,secret service,airbnb veysonnaz","valais,valley 72,gimmelwald,gandalf"
8dak26,"amsterdam,europe,haarlem,holland,netherlands","dw,wow air,ijmuiden,xxx,well.,if","google,looks,system.,me d 1 4"
8l9bv4,"rome,venice,paris,vatican,milan","pantheon,colleseum,amazing,airbnb,pasta","pizza man,donkey punch,plaza english"
8xoi5b,"norway,nice,jump?in","nok,photoshop",
9clb4f,"switzerland,basel,slovenia,france,germany","chf,tre cime drei zinnen,eta,usd chf,toblerone","1l 1 2 later,refugios,sesto,stilfserjoch"
8mq5t3,"greece,akrotiri,naxos city,ambrosia,mediterranean","naxos,santorini,places.,i,airbnb,santo","gianna 2,azzurro suitesmentioned,remezzo"
92lyft,"north cascades,baker river,alaska,seattle,diablo lake","bc,shuksan,cascades,the copper ridge loop 34,dome, cascade pass sahale arm horseshoe basin","winthrop,cascades,blue raspberry"
8t2sf4,"canada,calgary,national park,moraine lake,canmore","lake louise,google,parks canada,banff national park,continental",inn dead man's
a3dm0x,"rome,italy,florence,venice,vatican city","florentine,tuscany day florence,great photo!!!thank,hdr shot?nope,sony",
8mxh03,"belize,blue hole,egypt,canada,india","sharks,vending machines,scuba,dci,til","6000,sky"
9z7ac8,"seville,spain,sevilla,madrid,barcelona","moors,ere byzantines,el rinconcillo,al andalus characteristic,islam",
8dnnb9,"sudan,africa,south sudan,us,ethiopia","ama,without any evidence,islam,ethiopianking1620,unesco",this og kushbig
94qivh,"norway,grand canyon,newton,this.,i,northern norway","impression?,i'm,aiguille du midi,skyrim,this.,yes,spectacular.,this","you re,3642,stavanger"
8qsrzz,"reno,red beach,nice,usually,greece","atv,usd,petra,tzekos villas,vrbo",atlantis
a6fpf2,"austria,salzburg,germany,vienna,south","hallstatt,airbnb,vienna budapest,vienna salzburg,salzburg hallstatt","warm.,true lol,hallstatt next"
8uirq7,"bishkek,kazakhstan,kyrgyzstan,india,uzbekistan","cbt,apple hostel,google,kyrgyz,silk road","delorme,gate hell,tulpar"
9xzi8m,"turkey,sudan,us,earth,mexico","cappadocia,cappadicia,rain.,volcanic,wicker,places!i",
93t4p9,"japan,kyoto,tokyo,osaka,australia","airbnb,pinch.,gunboats,rt san jose nagoya,no.,to,boat",
87k1ze,"colmar,strasbourg,france,germany,paris","vosges,de ballons de vosges,castle,isenheim altarpiece,michelin",jy s
8rdph1,"morocco,casablanca,italy,marrakech,beijing","people casablanca,casablanca,meknes,essaouira chefchaouen,eaaauuu",210
93yyjz,"iceland,op,us,vik,reynisfjara","isey,icelandic provisions,n1,icelandic provisions us,different.,you","icelandic provisions siggis,reynisfjara"
8ptfif,"cuba,u.s.,us,japan,havana","stat 101 logic,batista zaldivar,cusco,cuc,ftfy","kleenex,amaerica,topoly"
9owz7j,"spain,barcelona,madrid,seville,sevilla","valencia,marseilles,marseille,metro,salamanca","marseilles,f 46 c,google fu,marseille"
99x176,"athens,greece,parthenon,athens islands,islands","frauenkirche dresden,usd,9h,stone.,does,corinth.",
8n4o6f,"bass lake,bridgeport,ca area,sentinal cook's,nyc","swinging bridge,imo,bridal veil fall,the sentinel cooks meadow loop,el cap","giant sequoia,glacier point,go.,december"
armdv0,"turin,italy,palace venaria,egypt,cairo","ac milan,fri sun,castle,re umberto,lol",augusta taurinorum
9xa7vq,"slovenia,europe,ljubljana,croatia,paris","bled,pixel xl,lake bled,ljubljana,google","lake bled,classic"
asdvjj,"rome,op,egypt,paris,capitoline hill","pixel 3,pixel,eiffel tower,roman forum,lighting","google pixel,pixel 3 google,caesar,pixel 3,get a pixel 3"
ahedj5,"norway,oslo,seattle,japan,helsinki","trondheim,mexinorse,troms,bergen,trollstigen","kirkenes,canon powershot sx60"
90tf7b,"japan,tokyo,us,west,okinawa","google,okinawa,iwo jima,the history spatula,effects.,well","ogasawara,sakishima"
ak0t5z,"switzerland,us,europe,space mountain,australia","matterhorn,disneyland,cities.,i,reddit,switzerland disneyland",matterhern
9r8isb,"bosnia,croatia,slovenia,finland,germany","herzegovina,bih,cia,fyi,tobago","factbook,herzegovina country.,neither,jablanica"
8q04mn,"us,indonesia,bali,usa,north sulawesi","lgbt,pda,nra,hotel,relative.,dont","gotta,russ?use"
91h2r6,"iran,us,tehran,america,armenia","mfa,ministry foreign affairs,meybod,cyrus,naqsh","iphone 5s.,i"
9g9j5d,"amsterdam,europe,london,paris,netherlands","febo,copenhagen,reddit,utrecht amersfoort,lufthansa","viatour,van gogh,amsterdam.,hey"
8hv86q,"edinburgh,scotland,ireland,inverness,europe","hairy coo,mcdonald,mcdonalds,galway,pnw","blue blazer,gaelic"
9lucds,"iceland,us,europe,spain,scotland","reykjavik,hostels,hate,reykjavik 2 days,air","blue lagoon,akranes"
813bmu,"india,south india,spiti valley himachal chadar trek,kashmir,kutch","exposed.,i'm,western canada,reddit,ganges,munnar kerala.,yupp","himalayas,thislol"
9qehln,"rome,italy,venice,san marco,san gimignano","pantheon,accademia gallery,tasty,cioccolata e vino,imo","frigidarium,eatwith,florence galileo,328 411"
a6yjkv,"santiago,patagonia,australia,northern chile,southern chile","alien blue edit,carretera austral,chilevery,paine","london.,got"
ambuj1,"calgary,lake louise,vancouver,rockies,canada","lake louise,hidden lake ice line trail,bc,golden,hotel",fairmont
apgh2d,"iceland,guatemala,belize,u.s.,antigua","super jeep,gc flores,chichen itza,santiago?,maximon,hopkins",bread butter caye
9ln8dz,"thailand,texas,france,vietnam,southeast asia","kauai,giants,cubs,fyi,wrigley field",s p500
8eiv2u,"austria,switzerland,italy,salzburg,gorizia","hallstatt,obertraun,westbahn,obb,bergen","salzburg hbf bad ischl,hallstatt village,fucking"
9en5qg,"france,paris,monaco,nice,brussels","ter,rer,france mala,eu,juan les pins",
8sav3r,"vietnam,asia,canada,mexico,instagram","reddit,mexico central america,ig,disney,ex fianc","selfish.,lol,cyber,minors,whut.,i,vietnam 1"
864cb4,"alabama,colombia,santa monica,shanghai,haiti","a.k.a,conde nast,cartagena,mostly.,polaroids,colombia.,go cartagena",
afi3th,"japan,tokyo,osaka,kyoto,us","shinjuku,usd,kobe,osaka castle,kyoto osaka nagoya","cheap,8usd,dumb dumber"
9uzagb,"england,london,segovia,memphis,barcelona","renaissance,sphinx,sanitation,claudius ptolemy,nfl","galileo,great pyramid,great pyramid sphinx,dark,neat"
9tt3j8,"naples,italy,beverello,napoli,sorrento","capri,sorrento,positano,til penguins,reddit","anyway pm,positano 4,capitano ago"
8j3hi6,"slovenia,balkans,lake bled,op,triglav","lake bled,kotor,lake bohinj,bled,triglav","lake bled,google map"
