submission_id,topics
8h6aao,"wedding,married,ceremony,wife,super,large,amount,wedding.,cooler,change,paperwork,legal,care,piece_paper,italy,wedding,parent,saying,married,fight,wedding.,legal,australia,similar,spain"
95l2e6,"them.,korea,close,group,soldier,tuk_tuk,india,indian,run,rickshaw_run,spandex_tightly,cm_strip,instead_wearing,stretched_eurojunk.,men_swimming,nk,guard,butt,nk_guard,border.,monkey,beach,pic,steal,bottle"
8yj2tg,"kyoto,safe,kyoto.,tokyo,japanese,us.,president_house,wager_dangerous,us._arent,bottom_european.,japanese,foreigner,polite,weird,shopkeeper_whatever,foreigner,japanese,kiyomizu_dera,crowd,all.,kyoto,kyoto_full,dont,ugly_soulless,image"
8i4939,"read,wrong,black_sheep,belgian,switzerland,wengen,hostel,train.,hiking,lauterbrunnen,police,open,job,depending,region,direction,camp,wengen,rather,seeing,police,driving,checked,speak,average"
85awza,"paris,metro,amazing.,eiffel_tower,expensive,paris,outside,double,rainbow!,low,building,skyscraper,business_district,la,dc,mid,help,doctored,late,place.,amazing.,hot,walking,saw,girl"
8tgt8u,"fiat,k,italian,cheaper,car.,mile,abbreviation,america,brand,fix,fun,abarth,driving,rented,car.,car.,start,driving,poor,op,island,internal,door,ypsilon,power"
a2k3kn,"job,school,degree,working,worked,contract,expensive,rent,job,lease,job,beaten_path,cultural,touristy,plan,hostel,meet,too.,trekking,nepal,spend,ticket,parent,language_barrier,quote_conversation"
8k79uf,"uk,wale,exotic,england,ireland,alb,britain,derive_proto,indo_european,originally,bacup,doncaster,scunthorpe,fucking_hell,result,cliff,broadchurch,bridge,they're,east,slough,what's,realm.,','come_friendly"
850ktw,"bike,job,bag,tire,dirt,job,vacation,saving,key,restaurant,tat,route,trail,gotta,man.,checkpoint,border,california,they'll,california_plate,dirt,put,rain,video,dust"
8nsv7u,"pizza,pizza.,send,sorry,random_act,animal_using,biggest_mistake,controversial_comic,cow_tools?,creator_gary,facing,haha.,spot,cow,remind,enjoy,looked,taking,imagining,canopy,joke,drug,cow,often,survive"
a7k36p,"visa,iraq,mosul,safe,guide,visa,guide,stamp,saudi_arabia,op,queen,safe,visa,camp,completely,queen,turkey,blue_eyed,blonde_haired,iraqi,wanted,self_serving,story,safe,bike"
9i7cni,"show,marketing,real,remote_location,market,airbnb,island,internet,g,remote,term,stick,vacation,isle,guided,skye,museum,guided,ship,sad,g,internet,anywhere,mbps,link"
9o5cwb,"ugandan,attention_government,africa.,dangerous,read,africa,morocco,africa.,african,likely,morocco,restaurant,botswana,african,sahara,national,gorilla,kisoro,bwindi,uganda,remove_crime,ridden_inner,closed_mind,par_europe.,par_pointless"
8ml0fg,"hate,real,internet,city.,anywhere,switzerland,grass,bernd,sven,geneva,snow_altitude,summer,buy,book,gary,we're_talking,called,peter,bfs,'_called,municipality,citizen,accepted,property,opposite"
8a6lq1,"paying_job,salary,tax_low,k.,zurich,trip.,colorado,sitting,geneva,side,tax,ireland,montreux,book,interlaken,window,trip.,phone,bernina_express,stunning,teach_superior,mashed_potato,lingonberries._huge,cheese_fan.,ago_homemade"
90xu38,"sleep,early,day.,guide,adventure,meter,altitude,walking,trek,machu_picchu,porter,book,entry,guide,alpaca,gate,moment,started,shot,crowded,mt._elbrus,ii_kit,ago,everywhere._saving,shutter_count"
8zocnz,"hurt,burn,fast,safe,edit,gondola,walk,slide,down.,pay,dick,burn,moron_idiots.,blind_fucking,abject_stupidity.,snowboarding,closest,colorado,ski,vermont,ski_lift,switzerland?_please,joke_serious?,nice?,it?_turned"
afv4fs,"korea,file,nk,post,korean,file,file_system,post,delete,foreign_currency,file,file_system,building,group_stopped,out.,government,crime,building,friendly,nk,foreign_currency,nk,posted,post,lack"
8wjki5,"price,book,stayed,game,company,safari,stayed,full,meal,serengeti,lodge,driver,stayed,guide,company,camping,believe,bryce,bora,yosemite,fjord_norway,piqued,list,serengeti,canada"
a8dalo,"indistinguishable_west,question,iraq,western,west,care,landscape,second,favorite,anyway,detroit,super,eat_detroit,museum,fishing,mall,israel,middle_east.,turkey,war,marker_lgbtq,elected_roles.,woman_serving,uprooting_faith,imperialistic_aim"
agjgq7,"nk,korea,poster,korean,poster.,nk,ice_hockey,guide,korean,issue,nk,poster,safe.,risk,show,risk,traveling,advice,told,passport,nk,poster,citizen,issue,propaganda"
9m9jd8,"weird,x_b,concert,plan,alone.,solo,alone,evening,book,london.,solo,x_b,concert,movie,restaurant,stolen,pickpocket,pack,passport,hand,london,safe,security,full,capable"
85p8uj,"stuff,hostel,wherever,winter,trips.,cities.,peaceful.,thanks!,easy,mount,tell,heavily,retouched,spent,image,egg_salad,life.,share?,evar,fucking,video,clich,linking,letting,we're"
8rsqnr,"mcdonalds,mcdonald's,black,shopping,mcdonald,shopping,mall,milan,major,italy,mcdonalds,italy,mcdonald's,mcdonald,major,mcdonalds,black,anywhere,italian,duomo,black,mcdonalds,shopping,seems,washing_hand"
8n82x7,"balloon,company,pilot,paragliding,air,safe,close,attention,start,turkish,coffee,turkish,turkey,tea,nescafe,balloon,turkey,hot_air,lars,running_cliff,turkey,doo,cook_stir,cook,size"
ab9p2b,"r_morocco,you!,question,digital_nomad,common,asked,memorable,childish.,sitting_couch,surprise,surprised,red,midnight.,proposed,updated!,proposal,marriage,surprise,out.,hot_air,flowy,fiance,white,chefchaouen.,spent"
86m674,"v,air_con,hot,chiang_mai,cold.,fan,service,sicily,flying,bologna,top_bunk,loved,romanian,horrible,bangkok.,top_bunk,travelled,fastest,hungary.,girlfriend,thailand,ayutthaya,bangkok,authentic,roti_sai"
8u0vsi,"card,bonus,mile,account,sign,region,rome,delicious.,perugia,highly,region,etruscan,church,gorgeous,unbelievably,via,aqueduct,appia,lived,play,help,churning,suggestion,generally,credit_score"
9hnf6w,"drug,c,hot,prague,resident,lived,bar,czech,idea,name,drug,resident,hot,winter.,market,crowded,morning,bridge,castle,wkqyi.jpg,drug,resident,prague,relaxing,degree"
86tbyy,"region,strasbourg,drink,restaurant,bar,museum,highschool,castle,name,kougelhopf,architecture,across,shadow,phone,dynamic_range,word,german,speak,job,french,word,german,student,minute,typical"
arzmfo,"crowded,quickly,paper,issue,pocket,sagrada_familia,el,cathedral_built,rooftop,bar,bag,camera,front,sling,carry,shot,outside.,me.,breathtaking,inside,barcelona,la,city.,entrance,well."
8hmq7f,"spain,strait,felt,fascinated,safe,visa,residency,eu,citizenship,sponsor,roman_site,help,amount,offer,marrakesh,monkey,side,gibraltar,tried,uk,side,gibraltar,offer,monkey,spain"
aa4k9h,"approach,autopilot,air,atc,flying,delta,pilot,he's,endeavor,matter,delta,aircraft,endeavor,matter,stand,air,bleed_air,ram_air,turn,system,flight,wrong,problem,release.,gate"
9m311t,"airport,luggage,happened,told,employee,totally,killed,safety_standard,chance,hit,pkk,turkish,bc,apparently,season,price,started,company,paid,season,woman,store,places.,aware,ignore"
81a9w5,"italy,italy.,guess,italian,thats,hand,enjoy,varenna,favorite,glad,como,beautiful!,relaxation,breath,return,como,fast,down.,van,name,fast,down.,fact,called,italy."
915rlc,"hiking,machu_picchu,pas,trail,salkantay,inca_trail,guess,inca,trail.,post,lunch,saw,easy,alone,fine.,machu_picchu,remember,hiked,hit,difficult,trek,cruz,santa,difficult,inca_trail"
9cudi6,"leave,vogel,triglav,well.,hiking,total,national,thanks!,speak,interesting.,jean,hiking,sweden,walk,cold.,slovenia,vignette,hrk,year.,course,pt,large,knocked_master's,cc_cjdabeast,language_tech"
8sq74z,"hot,heat,c,seville,lived,culture,spain,basque,barcelona,healthcare,culture,healthcare,heat,shit,alcazar,basque,barcelona,loved,phone,speed,hot,basque,seville,drop_degree,school_shame"
9y80a3,"louvre,art,mona_lisa,museum,painting,mona_lisa,room,piece,crowd,paris,iceland,ticket,paris,air,round,art,iceland,louvre,literally,paolo,museum,choose,expensive,saying,louvre?"
8l12rk,"price,wine,italy,drink,expensive,smell,authentic,summer,vega,orlando,venice,drink,wine,up.,fairly,drink,bar,alley,piazza,cop,gondola,enjoy,magical,expected,expectation"
8usgz7,"where._western,me._rent,cheap._depends,budget_tho.,dollar_perspective,tbilisi,georgia,mestia,svaneti,glacier,tbilisi,svaneti,batumi,tusheti,walking,georgia,im_counted,either_laugh,languages._explains,usa_exactly,considering,too.,beach,depending,electricity_internet"
8p9x63,"trail,company,inca,machu_picchu,trail.,machu_picchu,trail,inca,machu,sun,approach,huayna,agua_calientes,guide,llama,approach,llama,them.,pet,worry,sun_gate,list,shape_walking,others_porter,bring_go."
8xabof,"fly,ago,cow,things.,switzerland,museum,stone,close.,cupboard,excactly,voldemort,l,silencio!_n,me.,not.,ago,flies.,sleep,otherwise,movie,ago,close.,forbidden,excactly,cupboard"
9lglhs,"registered,finally,spent,line,entire,registration,def_forward,mate!_exactly!,world?_unreal,bought_sold,insurance,whether,damage,injury,party,pajero,issues.,montero,bought,spanish,vehicle,pajero,full,schedule,cappadocia"
a7b6t8,"bruges,ghent,amsterdam,brussels,chocolate,amsterdam,bruges,texas.,summer,dublin,london,completely,texas.,basically_anywhere,matter,film,movie,favourite,space,odyssey,movie,awesome,spent,favorite,shit"
9k4370,"balloon,hot_air,choice,outfit,skydiving,city.,mexico,meeting,souvenir,came,hot_air,machine_blew,humor._clear,nature_jokes.,making_scientific,uncomfortable.,soft.,helped,flame,surprisingly,fear,height,fine,vessel.,applies"
8oqscw,"ft,colorado,foot,altitude,lived,leh,driving,flight,trek,delhi.,india,usa,diverse,desert,ocean,india,indian,read,visa,birth,trek,weather,camp,till,st"
8wccl0,"told,circulation,called,pound_note,bill,pound,inspired,graveyard,festival,harry_potter,fringe,edinburgh,oink,thanks!,show,fringe,show,august,festival,hog,appear,mile,building,blazing,cobblestone"
ahxu39,"indian,god,hindu,religion,they're,step,million,throw,enjoyed,western,thaipusam,celebration,georgetown.,wrong,spend_kl,monkey,national,they're,food.,wild,stick,traffic,malaysia,careful,news"
8o054c,"stayed,eat,swiss,hostel,murren,pas,sion,explore,it...,swiss,summertime.,somewhat,nch,eiger,jungfrau,shape,light_hiking,sneaker,special,stayed,eat,expensive,chinese,meal,super"
8dak26,"amsterdam,flag,ticket,tulip,bike,search,google_map,etc,bc,speak,flag,bike,leiden,tulip,especially,vibrance_four,dynamic_range,camera,shot,post.,flag,they're,center,thursday,ticket"
8l9bv4,"rome,ticket,line,florence,museum,sort,selling,sell,arm,no.,buy,ticket,night.,completely,pm,florence,pasta,amazing.,too!,trevi,florence,rome,sandwich,beautiful.,river"
8xoi5b,"weather,hot,norway,sunny,correct,boot,must,bought_trekking,hope_work.,runner_kjerag.,guess,early,spare,ago,people.,early,people.,late,news,feeling,fjord_cruise,valley,rodne,price,prepare"
9clb4f,"switzerland,basel,...,cost,driving,basel,beer.,actual,tap,l,del,sexten,un,pointed_name,citizen_italian,eta,litter!,dad,away!,auronzo.,you.,beyond_norm,remember_handing,curious_came,pass."
8mq5t3,"santorini,room,stayed,lovely,september,wrong,active,volcano,hot_spring,spring,advance.,september,room,island,crete,airbnb,stayed,beach_house,budget,paris,honeymoon,scotland,consider,airbnb,ireland"
92lyft,"cascade,pas,trail,mile,bear,bear,black_bear,bc,swim,peninsula,it?,top,raspberry,damn_close,pic,bear,black_bear,honestly,seattle.,alaska.,wpa,image,national,art,exact"
8t2sf4,"banff,camping,price,national,room,avoid_crowd,driving,lesser_known,hiking_grassi,trail_top!,room,reserve,price,canmore,year.,memory,rock,color,blue,rockbed,reserve,site,reserved,full,b"
a3dm0x,"rome,late,florence,crowds.,inside_underwhelming,you.,shop,honestly,rome,wife,cinque,heritage.,frediano.,tuscany,sick,timely.,monday,menu,welcome.,saturday,feb,no.,yes.,bridge,nihaoma!"
8mxh03,"shark,vending_machine,dive,number,human,dive,diving,depth,boat,scuba,boat,scuba,vending_machine,sky_diving,cost,human,shark,taste,eat,eat_human,skydived,brain,afraid,fear,ft"
9z7ac8,"arabesque,built,moorish,cathedral,architecture,seville,horse,city.,seville.,de,arabesque,islamic,based,arab,already,feria,tall,de,santa,semana,horse,de,granada,smell,cadiz"
8dnnb9,"sudan,safe,sudan.,africa,pyramid,pyramid,safe,africa,outside,america,meroe,safe,places.,s.,khartoum,making_post,interesting_story,ama_subreddits!,pm_works.,tell!_ama,kush,appropriate_blessed,band,album,stoner"
94qivh,"rock,fall,second,lose_consciousness,rock.,fall,lose_consciousness,mechanical_force,due_external,second,step_onto,onto,thin,explanation,uncomfortable,norway,trolltunga,northern,dnt,pick,possible,wrong,everyday,happens,falling"
8qsrzz,"stayed,room,night.,pool,parking,diving_board,diving,me.,platform_sense,boing_bounce,me.,package,confirm,fira,drunk,parking,athens_santorini,price_difference,hear!_flying,moped_v,usd,petra_wing,traditional,reno,god"
a6fpf2,"salzburg,hallstatt,vienna,quiet,halstatt,cold,f,temperature,cold.,freezing,ferry,ticket,station,minute_wait,sit,chinese,ago,souvenir_store,tourists.,certainly,research,bruges,christmas,obertraun,excited"
8uirq7,"cbt,bishkek,osh,hostel,super,central_asian,focused_landfills.,showed,central_asia,asian_filthy.,silk,summer,bishkek,russian,stayed,human!_journey,refreshing_talking,easy_fellow,dude,basically,stayed,hard,kyrgyzstan,stopped,problem"
9xzi8m,"turkey,westerner,turkish,question,mexico,balloon,killed,hot_air,crash,specific,chimney,rain,eruption,sandstone,formation,shared,option,flight,cheapest,snow,turkey,show,haha.,point.,surprised"
93t4p9,"cherry_blossom,student,clean,super,there!,outside,especially,season.,november,tree,cherry_blossom,go.,some?,specific,report,degree,humid,weather,anyone,heat.,clean,cherry_blossom,super,kyoto.,here."
87k1ze,"colmar,trail,alsace,wine,hiking,strasbourg,colmar,village,alsace,france,trip.,plan,paris,alsace,closer,p,then.,anticipating,barely,ah,full,colmar,interested,cathedral,light"
8rdph1,"morocco,female,casablanca,men,marrakech,favorite,fez,marrakesh,ask,morocco,shot,ugly,war,play,film,casablanca,morocco,spoke,fe,bab,favorite,out.,air_pollution,terrible!_beijing,choking_fume"
93yyjz,"skyr,horse,icelandic,siggis,icelandic_provision,due,beach,edge,iceland,shade,horse,here.,plan,feeding,flavour_add,single,rogue,head,died.,before.,vehicle,suv,spot,op,full"
8ptfif,"cuba,cuban,fact,u.s.,embargo,cuban,havana,cuba?_x,u.s._currently,fact,cuba,embargo,vietnam_killed,ask,cuc,cuba,average_citizen,import_product,link_posted,import_sale,cuban,except,goverment,buy_cars.,citizen"
9owz7j,"tapa,spain,spanish,seville,paella,paella,spain,valencia,spanish,granada,paella,valencia,walk,horchata,madrid_barcelona,visited,badalona,marseille,barcelona.,spain,paella,valencia,walk,horchata,andalusia"
99x176,"athens,acropolis,museum,line,sun,line,museum,mid,early,morning,ruin,century_ago,parthenon,scaffolding,replica,pay,ago,problem,treated,employee,advice,terrible,advice.,site,skip"
8n4o6f,"meadow,fall,trail,yosemite,valley,meadow,trail,swinging_bridge,chapel,taken,winter,snow,agree,minute,winter.,chapel,taken,fiance,this.,loop,fire,dumbest,death.,did.,called"
armdv0,"centre,wine,open,palazzo,milan,museum_second,art,market,fri,milan,perfect,summer,parco_del,valentino,garden,piedmont,list,italy,must,afternoon,nuclear_physicist,software_engineer,too.,floor,tile"
9xa7vq,"bled,slovenia,ljubljana,late,summer,slovenia,ago,mid,june,slovenian,recommended,im,host_vienna,ljubljana,kinda,type,bought,it!,well.,nexus,eastern,discovering,bled.,biggest,liked"
asdvjj,"stumbled_upon,stumble,forum,rome,upon,palatine,ticket,queue,colloseum,bike,pixel,pixel_away.,taken,pic,google,light,op,lighting,saying_unnoticed.,gone_unnoticed,rome,ugly,magical,bringing,silly."
ahedj5,"trondheim,he's,winter,oslo,snow,trondheim,smalahove,hate,sheep,cathedral,open,winter,snow,summer.,clean_pa,camera,photos.,canon_powershot,sx,expensive,trondheim,draw,stuff.,fusion._basically,month._guacamole"
90tf7b,"ferry,idea,island.,tropical,okinawa.,island,okinawa,okinawa.,tropical,island.,beach,okinawa.,cost,okinawa,ferry,hong_kong,everywhere,service,japanese,cost,island,surrounding_island,mind._bustling,flight,transportation"
ak0t5z,"funny,joke,matterhorn,funny_naturally.,funny.,decapitation._reverse,either_thread,death,kid,sitting,room,ski,minute,zermatt,village,room,restaurant,atmosphere,location,skier,matterhorn,joke_reference,disneyland's_version?,disneyland,scene"
9r8isb,"meet,group,croatia,group.,video,herzegovina,bosnia,nationality,they're_referring,hungarian_split,hiking,bosnia',bosnia!,trail,safe,meet,smaller,hiking,ago.,brutality_occurred,supposed,everything.,grab,behind,opened"
8q04mn,"gay,indonesia,problem,lgbt,recently,gay,data_includes,wrong_count,medium_talk,mind?_pew,relative_price,sunrise_top,temple_online,hindu,easily,gay,safer,failed.,done_load,due_to...,ijen,bromo,fact,bali,mt._bromo"
91h2r6,"iranian,iran,passport,government,visa,isfahan,passport.,ur,cost,join,iranian,government,mom,passport,waiver,iran,visited,current,waiver,sticker,mom,then.,mother,problems.,dual"
9g9j5d,"paris,utrecht,dutch,utrecht_amersfoort,architecture,red_light,legal,shopping_essentially,private_activity,private_someone's,expensive,amsterdam,flat,favorite,visited,maar,een,de,niet,ik,maar,een,de,niet,ik"
8hv86q,"edinburgh,hope,weather,inverness,scotland,coffee,edinburgh,pub,ton,wee,skye_edinburgh,edinburgh,inverness,head,mary,guide,tour.,group,hairy_coo,highly,coffee,lovely,burntisland,wee,york"
9lucds,"bought,vacation,drink,price,cost,hostel,iceland,tropical,included,traveling,room,hostel,special,wow,airline,room,hostel,air,bathroom_per,northern_light,reykjavik,across,hostel,leave,summer"
813bmu,"india,india.,indian,rubbish,everywhere.,covering_head,india.,worn_path,fuck,fucking,border,indo_tibet,experienced,places.,hiking,india,india.,nature,especially,hill,india.,worn_path,leading_them?,explored_claim,rubbish"
9qehln,"rome,pizza,called,restaurant,piazza,ate,gelato,stayed,airbnb,location,ate,pizza,rome.,italy.,flavor,rain.,deep,enjoyed,florence,happened,poncho,trevi,pic,stayed,trevi."
a6yjkv,"camping,rain,wind,hiking,tent,place.,e,prepared,course,afford,santiago,taking,del,exactly,route,this.,camping,bad.,enjoy,disappointed,fall,believe,photo!,too.,taken"
ambuj1,"september,louise,rockies,calgary,winter,banff,louise,dog_sledding,b,trip.,ice_skating,summer,delay_due,driven_route,day.,twin_fall,emerald,yoho,spring,golden,hence,initially,post,season.,somewhere"
apgh2d,"golden_circle,basically,cloud_cover,fine.,shot,guatemala,tikal,antigua,fine.,besides,forward,besides,safe.,course,belize,belize,guatemala,city.,shot,immediately,iceland,kp_guaranteed,website_show,luck_hard,intensity_light"
9ln8dz,"th,start,later,together.,story,return,strong,putting,index_funds.,k,business_using,mom_dad,dealer,born,hustle,pay,happy,learn,rest_bust,cant_afford,traveling,priority,rtw.,saving,amount"
8eiv2u,"salzburg,hallstatt,ticket,obertraun,obb,nova_gorica,world's,scenery,incredible,posted,ticket,obb,much!,rental,consider,country.,visited,that?,disagree,kauai,video,gifs,frame_rate,gif,computer"
9en5qg,"ter,dream,looked,cap,france,beaches.,sand,head,hey,protect,minute,walk,monaco.,god,monte_carlo,beach,juan_pin,eze,cancelled,french,beach,juan_pin,job,saw,fact"
8sav3r,"traveling,kid,job,vietnam,mexico,india,dog,visa,bangladesh,adventure,kid,traveling,mexican,school,spend,mexico,cartel,kid,traveling,bike,job,perpetual_traveler,health_start,decent_amount,sunset_self"
864cb4,"worry,become,seem,traveling,true,bar,believe,clone,fake,put,reminder,saving,craft,countries.,especially,wait..,roll,marry,tide,name,swiss,visible,type,transportation?,german"
afi3th,"kyoto,station,tokyo,x_b,osaka,ramen,japanese,price,eating,drink,ramen,tokyo,enjoy,friendly,building,parent,japanese,shop,nd,remember,open,shrine,station,ji_temple,jr_pas"
9uzagb,"brought,dark_age,age,built,bring,strength_ancient,concrete_saw,stronger,structure,cement,lead,earthen_pipe,wholesome,conducted,conveyed,age,pyramid,greek,dark_age,galileo_kepler,greek,building,culture,melting_ice,older"
9tt3j8,"ischia,naples,hydrofoil,ferry,airport,boat,sorrento,traffic,positano,called,boat,ferry,euro,positano,capri,ferry,naples,weather.,fairly,guess_depending,driver,blind_turn,horn,amalfi,traffic"
8j3hi6,"bled,slovenia,hiking,trail,robanov_kot,condition,cant,dont,corrupted,public_sector,triglav,kotor,climb,dubrovnik,highly,czech,heh,hidden,what's,slovenia,hate,german,bartender,engineering,mad"
