,submission_id,top_destination,top_organization,top_product
0,8h6aao,"[('switzerland', 20), ('italy', 11), ('finland', 9), ('australia', 8), ('colorado', 8)]","[('aus', 13), ('sf giants', 7), ('saimaa and lapland', 5), ('relationship.,[deleted],lol', 5), ('wengen', 5)]","[('phi phi island', 2)]"
1,95l2e6,"[('nk', 67), ('south', 27), ('japan', 27), ('india', 25), ('north korea', 23)]","[('cia', 50), ('mcd', 24), ('sk', 18), ('basilica', 13), ('christianity', 10)]","[('jeeps', 9), ('run', 5), ('gotta', 3), ('giza', 3), ('jibbs?,holy crap!,fucks', 1)]"
2,8yj2tg,"[('us', 233), ('kyoto', 220), ('japan', 203), ('europe', 90), ('tokyo', 56)]","[('eu', 125), ('kiyomizu-dera', 19), ('la, okland', 11), ('wire', 9), ('love europe', 8)]",[]
3,8i4939,"[('switzerland', 48), ('belgium', 15), ('geneva', 8), ('lauterbrunnen', 8), ('op', 7)]","[('interlaken', 23), ('wengen', 17), ('ga', 11), ('audi', 9), ('lotr', 7)]","[('halbtax', 7), ('r√ºgenbrau', 1), ('epic photo!thanks!,man', 1)]"
4,85awza,"[('paris', 33), ('france', 7), ('seine', 6), ('versailles', 5), ('florida', 4)]","[('the eiffel tower', 13), ('fountain,/r', 3), ('eiffel tower', 2), ('montmarte', 2), ('cafe', 2)]","[('eiffel tower', 1), ('sharingyou‚Äôre', 1)]"
5,8tgt8u,"[('us', 43), ('italy', 28), ('punto', 25), ('mustang', 24), ('finland', 22)]","[('fiat', 130), ('bmw', 33), ('mazda', 31), ('honda', 27), ('chrysler', 24)]","[('audi', 11), ('panda', 10), ('500s', 9), ('jetta', 8), ('cavalier', 7)]"
6,a2k3kn,"[('asia', 61), ('chicago', 52), ('nepal', 48), ('europe', 39), ('us', 22)]","[('amtrak', 16), ('op', 7), ('cs', 7), ('imo', 7), ('usd$80', 7)]","[('the burj khalifa', 2), ('the sony a6000', 2), ('charme', 1), ('f', 1)]"
7,8k79uf,"[('uk', 49), ('london', 46), ('england', 39), ('bacup', 31), ('wales', 22)]","[('broadchurch', 13), ('deleted],i', 11), ('google', 10), ('proto-indo', 8), ('japan & norway', 7)]","[('castleford', 7), ('coconutters', 5), ('windows 7', 2), ('jurassic', 1), ('here.,i', 1)]"
8,850ktw,"[('california', 59), ('colorado', 41), ('us', 40), ('ny', 20), ('tn', 18)]","[('tat', 54), ('ar', 14), ('bmw', 13), ('banff national park', 9), ('best', 9)]","[('cherokee', 6), ('shadow', 4), ('baby', 2), ('discovery routes', 2), ('capulin volcano', 1)]"
9,8nsv7u,"[('colorado', 14), ('the far side', 9), (""jib.,[i'm"", 8), ('op', 6), ('europe', 5)]","[('lol', 10), ('understood', 6), ('swingline', 3), ('danger.,i', 3), ('day,*zoom', 3)]","[(""can't?,ha"", 3)]"
10,a7k36p,"[('iraq', 178), ('mosul', 142), ('us', 109), ('iran', 50), ('america', 41)]","[('roe', 37), ('mm', 19), ('isil', 17), ('reddit', 16), ('google', 12)]","[('imgur', 7), ('m16s', 5), ('ez', 1)]"
11,9i7cni,"[('gaelic', 54), ('skye', 43), ('scotland', 26), ('the western isles', 24), ('bucharest', 18)]","[('airbnb', 74), ('cardiff', 16), ('til', 13), ('uists', 13), ('the priceline negotiator', 12)]","[('the highlands/skye', 3), ('gaelic', 3), ('the clan donald centre', 2), ('the clan donald / armdale castle', 2), ('area.,oh', 1)]"
12,9o5cwb,"[('us', 99), ('africa', 86), ('uganda', 74), ('europe', 37), ('kenya', 31)]","[('peace corps', 14), ('livingstone', 12), (""toast.,i'm 6'"", 7), ('train to dar, ferry', 6), ('malawians', 6)]","[('nabeta', 10), ('busoga', 9), ('nigeria).i', 1), ('busoga king).it', 1)]"
13,8ml0fg,"[('la', 68), ('switzerland', 55), ('chicago', 26), ('texas', 17), ('geneva', 16)]","[('tx', 14), ('interlaken', 14), ('_', 10), ('the swiss national statistics office', 5), (""10'563"", 5)]","[('sven', 5), ('z√ºrich', 3), ('slobodan amirite svp', 2), ('mbit/s', 2), ('chalet', 2)]"
14,8a6lq1,"[('switzerland', 106), ('zurich', 35), ('geneva', 23), ('ireland', 22), ('colorado', 10)]","[('interlaken', 11), ('eu', 10), ('9k', 7), ('post', 7), ('biel/bienne', 6)]","[('golden pass', 4), ('vs', 4), ('z√ºrich', 4), ('switzerland?right', 1), ('trummelbach', 1)]"
15,90xu38,"[('peru', 61), ('machu', 24), ('cusco', 15), ('denver', 9), ('europe', 9)]","[('machu picchu', 42), ('cusco', 40), ('sony', 26), ('inca', 24), ('salkantay', 18)]","[('sep', 11)]"
16,8zocnz,"[('switzerland', 30), ('colorado', 12), ('austria', 11), ('lauterbrunnen', 9), ('copper', 6)]","[('nice?üôà', 12), ('wiegand/brandauer/oeschinensee', 6), ('the roof alpine coaster', 5), ('lol', 5), ('pnw', 5)]",[]
17,afv4fs,"[('north korea', 207), ('us', 194), ('nk', 155), ('china', 85), ('america', 47)]","[('varsity', 17), ('un', 15), ('nikon', 14), ('microsd', 12), ('mft', 12)]","[('imgur', 8), ('windows', 7), ('sd', 4), ('hunger games', 3), ('simcity', 1)]"
18,8wjki5,"[('tanzania', 64), ('africa', 22), ('nairobi', 18), ('ngorongoro', 17), ('serengeti', 16)]","[('serengeti', 57), ('arusha', 10), ('google maps', 8), ('the fjords of norway', 8), ('safari', 7)]","[('seychelles', 3), ('snows', 1), ('my mind', 1), ('toto.,hold', 1)]"
19,a8dalo,"[('detroit', 92), ('iraq', 65), ('jordan', 60), ('us', 49), ('kurdistan', 45)]","[('ferndale', 9), (""loui's pizza"", 9), ('st. claire shores', 9), ('harpo', 8), ('jazz', 8)]","[('grossed point', 5), ('visit?hang', 1)]"
20,agjgq7,"[('north korea', 153), ('nk', 141), ('us', 114), ('china', 98), ('mexico', 52)]","[('ama', 27), ('reddit', 14), ('kju', 13), ('air koryo', 10), ('air china', 10)]","[(""ama?,i'm"", 4), ('him?,ay', 3), ('it!,lol', 1), ('the dmz 12:00 tea', 1), ('kinda', 1)]"
21,9m9jd8,"[('london', 115), ('europe', 29), ('china', 19), ('nyc', 14), ('australia', 13)]","[('london eye', 11), ('harrods', 11), ('covent garden', 11), ('bluray', 10), ('iphone', 10)]","[('the big ben', 3), ('google ""', 3), ('hp', 3), ('cursed child', 3), ('nyc edit', 3)]"
22,85p8uj,"[('japan', 17), ('osaka', 4), ('northern japan', 4), ('tohoku', 4), ('us', 3)]","[('the sierra club', 3), ('rei', 3), ('mt. koya', 3), ('better.,not', 2), ('‚Äúmount koya‚Äù', 2)]",[]
23,8rsqnr,"[('milan', 111), ('us', 97), ('italy', 66), ('chicago', 41), ('uk', 32)]","[('mcdonalds', 100), ('mcdonald', 90), ('mcdonald‚Äôs', 44), (""mcdonald's"", 33), ('starbucks', 15)]","[('the northgate mall', 5), ('pre-1945', 3), ('maccas', 1), ('the last supper', 1), ('monza', 1)]"
24,8n82x7,"[('turkey', 71), ('istanbul', 13), ('asia', 10), ('mediterranean', 8), ('bursa', 7)]","[('cappadocia', 13), ('gf', 8), ('hot air ballooning', 6), ('ours', 4), ('sahlep.,i', 4)]","[('wind surfers', 3), ('g√∂reme', 3), ('kings', 2)]"
25,ab9p2b,"[('morocco', 41), ('chefchaouen', 39), ('spain', 10), ('brooklyn', 9), ('marrakech', 9)]","[('tangier', 28), ('updated', 5), ('the one ring', 4), ('wifi', 4), ('e.g marrakech, casablanca', 4)]","[('google fi', 4), ('google', 3), ('chefchauouen', 1)]"
26,86m674,"[('thailand', 49), ('bangkok', 35), ('italy', 28), ('romanian', 14), ('florence', 11)]","[('ac', 43), ('bologna', 12), ('bkk', 5), ('imo', 5), ('50b', 5)]","[('ac-', 5), ('3a', 2), ('surprisingly', 1), ('ac?,good', 1), ('me.,had', 1)]"
27,8u0vsi,"[('perugia', 15), ('spello', 6), ('umbria', 5), ('assisi', 5), ('~$60-$100', 5)]","[('cc', 15), ('delta/aa/united/southwest', 5), ('light', 4), ('bs', 2), ('irl', 1)]",[]
28,9hnf6w,"[('prague', 48), ('europe', 12), ('us', 9), ('vysehrad', 6), ('usa', 5)]","[('peetzborg', 4), ('husitska', 4), ('google maps', 3), ('gps', 3), ('the christmas markets', 3)]","[('the charles bridge', 1)]"
29,86tbyy,"[('france', 33), ('strasbourg', 30), ('colmar', 23), ('lucerne', 5), ('alsacien', 4)]","[('hdr', 22), ('elsass', 14), ('shitty', 4), ('flammek√ºech', 4), ('the petite france', 4)]","[('as_kleber.png) bars', 4), ('the haut-rhin', 3)]"
30,arzmfo,"[('barcelona', 55), ('europe', 9), ('ombra', 6), ('i‚Äôm', 5), ('el born', 5)]","[('reddit', 7), ('el raval', 5), ('can paxiano', 5), ('mindshift', 4), ('trailscape 18 l', 4)]","[('the madarin oriental', 4), ('gaud√≠', 1)]"
31,8hmq7f,"[('morocco', 215), ('spain', 62), ('netherlands', 42), ('uk', 29), ('us', 28)]","[('eu', 29), ('nl', 17), ('ceuta', 15), ('visa', 13), ('gibraltar', 11)]","[('100%,true', 4), ('hassan 2 mosque', 2), ('japanese.,you', 1), ('tangier med 1', 1)]"
32,aa4k9h,"[('america', 12), ('delta', 10), ('us', 9), ('georgia', 8), ('op', 8)]","[('delta', 44), ('atc', 29), ('reddit', 25), ('boeing', 12), ('ny', 11)]","[('ga.,oh', 6), ('a320', 6), ('a330 atl-lax', 3), ('windows', 2), ('airport appreciation!,firewall', 1)]"
33,9m311t,"[('turkey', 78), ('istanbul', 43), ('syria', 9), ('london', 8), ('the grand bazaar', 7)]","[('atc', 18), ('turkish airlines', 12), ('cappadocia', 8), ('lira', 7), ('coron', 7)]","[('baggage claims 1', 5)]"
34,81a9w5,"[('italy', 35), ('geneva', 7), ('germany', 6), ('states', 6), ('alps', 6)]","[('lake como', 4), ('aus', 3), ('n italy', 3), ('villa gallietta', 3), ('bellagio', 3)]","[('lago', 2), ('casino royal', 1)]"
35,915rlc,"[('machu', 33), ('peru', 14), ('santa cruz', 5), ('scotland', 4), ('cusco', 3)]","[('machu picchu', 25), ('salkantay', 14), ('picchu', 8), ('inca', 7), ('hikes', 6)]",[]
36,9cudi6,"[('slovenia', 52), ('ljubljana', 42), ('triglav', 17), ('sweden', 16), ('denmark', 13)]","[('bled', 39), ('eu', 15), ('eea', 11), ('ljubljana', 10), ('vogel', 9)]","[('bohinj', 2), ('witcher 3', 1), ('neat', 1)]"
37,8sq74z,"[('seville', 46), ('spain', 30), ('europe', 23), ('sevilla', 15), ('us', 14)]","[('ac', 40), ('innacurate', 6), ('seville', 4), ('üèª,38', 4), ('the new world', 3)]","[('c√°diz', 15), ('32¬∫c', 11), ('sahel', 4)]"
38,9y80a3,"[('paris', 35), ('iceland', 16), ('op', 10), ('florence', 8), ('musee', 8)]","[('louvre', 28), ('the uffizi gallery', 14), ('napoleon', 10), ('the mus√©e du louvre', 7), ('imo', 6)]","[('mona lisa', 6), ('imgur', 3), ('arc de triomphe', 3), ('Ô∏èhaha', 1)]"
39,8l12rk,"[('venice', 201), ('italy', 97), ('florence', 45), ('rome', 43), ('us', 27)]","[('amtrak', 15), ('google', 13), ('scenery](https://www.google.com', 13), ('murano', 9), ('packed', 8)]","[('cannaregio', 1), ('venice.,had', 1)]"
40,8usgz7,"[('georgia', 174), ('tbilisi', 57), ('mestia', 25), ('canada', 25), ('dubai', 22)]","[('svaneti', 29), ('tusheti', 17), ('airbnb', 11), ('ushguli', 8), ('ga', 8)]","[('google', 1)]"
41,8p9x63,"[('machu', 21), ('peru', 13), ('the sun gate', 10), ('rainbow mountain', 8), ('macchu pichu', 8)]","[('cusco', 32), ('machu picchu', 19), ('salkantay', 15), ('inca', 15), ('under30experiences', 11)]","[('the 3-4 day', 5), ('mount machu picchu', 4), ('mule?,i', 3)]"
42,8xabof,"[('switzerland', 5), ('t√°', 2), ('op', 1), ('europe', 1), ('zurich', 1)]","[('dying.,make', 2), ('ago](http://dantesdame.com', 2), ('eiger', 2), ('know.,well', 2), ('biel/bienne', 1)]",[]
43,9lglhs,"[('georgia', 88), ('uzbekistan', 35), ('kazakhstan', 34), ('central asia', 32), ('kyrgyzstan', 30)]","[('atm', 18), ('rtw', 14), ('acc', 10), ('odd', 8), ('usd', 8)]","[('shopify', 10), ('pajero?keen', 1), ('female?male', 1)]"
44,a7b6t8,"[('brussels', 19), ('amsterdam', 19), ('london', 18), ('belgium', 17), ('dublin', 13)]","[('bruges', 5), ('lotr', 5), ('matrix', 4), ('en bruges', 3), ('disney land', 3)]","[('van gogh', 4)]"
45,9k4370,"[('mexico', 10), ('mexico city', 6), ('puerto', 4), ('us', 4), ('germany', 4)]","[('olmecs', 6), ('guy](https://www.reddit.com', 3), ('flying pictures mx', 2), ('sheraton', 2), ('iphone', 2)]","[('5:30am', 1), ('pir√°mide del sol', 1)]"
46,8oqscw,"[('india', 39), ('colorado', 20), ('seattle', 18), ('delhi', 17), ('pakistan', 16)]","[('ac', 12), ('ams', 10), ('usd', 8), ('mt defiance', 6), ('sierra', 6)]","[('tripadvisor', 5), ('leh painful - 17 hours', 4), ('himalayas', 2)]"
47,8wccl0,"[('edinburgh', 122), ('scotland', 46), ('london', 15), ('ireland', 13), ('uk', 12)]","[('pizza hut', 15), ('the elephant house', 14), ('victoria street', 11), ('fringe', 7), ('sad.,>i', 5)]","[('fringe', 3), ('whiskey', 3), ('üôå', 2), ('/wiki/san_diego#sister_cities', 2), ('old town', 2)]"
48,ahxu39,"[('georgetown', 22), ('malaysia', 18), ('asia', 9), ('india', 7), ('¬∞', 6)]","[('lgbt', 9), ('georgetown/', 5), ('india - buddhism', 5), ('especially', 5), ('visit?,yeah', 4)]",[]
49,8o054c,"[('switzerland', 5), ('lauterbrunnen', 5), ('sion at least?', 5), ('rohr', 1), ('wengen.,my', 1)]","[('sion', 5), ('corpus christi', 5), ('totally', 4), ('bond', 4), ('mountain hostel', 3)]","[('gandalf', 2), ('valais', 2)]"
50,8dak26,"[('amsterdam', 93), ('haarlem', 36), ('europe', 31), ('leiden', 21), ('netherlands', 20)]","[('ams', 13), ('wow air', 9), ('xxx', 7), ('well.,if', 7), ('ijmuiden', 6)]","[('https://www.youtube.com/watch?v=pnv5ikb2hl4,i', 2), ('corus', 1)]"
51,8l9bv4,"[('rome', 105), ('florence', 20), ('venice', 19), ('italy', 12), ('paris', 12)]","[('vatican', 9), ('pantheon', 8), ('colleseum', 6), ('amazing', 5), ('airbnb', 4)]","[('shitty chinese pizza', 3), ('plaza', 2)]"
52,8xoi5b,"[('norway', 13), ('nok', 3), ('nice', 1), ('jump?in', 1), ('crowds.,happens', 1)]","[('exact', 1), ('may.,i', 1), ('kjerag', 1)]",[]
53,9clb4f,"[('switzerland', 30), ('basel', 17), ('alps', 5), ('slovenia', 5), ('auronzo', 5)]","[('chf', 5), ('tre cime', 4), ('eta', 4), ('usd/chf', 3), ('subreddit!,well', 3)]","[('1l', 5), ('much.,tell', 1), ('stilfserjoch', 1)]"
54,8mq5t3,"[('naxos', 22), ('akrotiri', 14), ('greece', 12), ('naxos city', 11), ('athens', 7)]","[('santorini', 34), ('naxos', 15), ('airbnb', 5), ('places.,i', 5), ('hotels', 5)]","[('remezzo', 3), ('azzurro suitesmentioned', 1)]"
55,92lyft,"[('seattle', 11), ('shuksan', 10), ('alaska', 9), ('op', 6), ('washington', 5)]","[('bc', 21), ('cascades', 11), ('wta.org', 5), ('the copper ridge loop', 5), ('baker river', 5)]","[('google', 4), ('blue raspberry', 1), ('kool-aid', 1)]"
56,8t2sf4,"[('canmore', 15), ('canada', 14), ('calgary', 10), ('moraine lake', 9), ('alberta', 9)]","[('lake louise', 16), ('bc', 5), ('the national park', 5), ('gold floor', 4), ('fairmont banff springs', 4)]","[('google', 5), ('here.,i', 1)]"
57,a3dm0x,"[('rome', 54), ('florence', 15), ('italy', 13), ('venice', 9), ('vatican city', 7)]","[('florentine', 6), ('tuscany', 4), ('reddit', 2), ('dh', 1), ('months!lucky!,[r/photocritique](https://www.reddit.com/r', 1)]","[('incredible', 1), ('ponte sant‚Äôangelo', 1)]"
58,8mxh03,"[('belize', 35), ('/r', 9), ('dahab', 8), ('egypt', 8), ('canada', 7)]","[('sharks', 17), ('vending machines', 17), ('scuba', 15), ('dci', 6), ('til', 6)]","[('belovir', 4), ('airplane', 1)]"
59,9z7ac8,"[('seville', 47), ('spain', 21), ('sevilla', 11), ('madrid', 8), ('cordoba', 8)]","[('cadiz', 10), ('roman', 6), ('ere', 6), ('gothic', 6), ('moors', 6)]","[('c√°diz', 2)]"
60,8dnnb9,"[('sudan', 262), ('africa', 81), ('south sudan', 68), ('us', 38), ('ethiopia', 36)]","[('ama', 32), ('without any evidence', 12), ('things](http://www.unaids.org/en/regionscountries', 11), ('ethiopianking1620', 8), ('unesco', 4)]",[]
61,94qivh,"[('norway', 15), ('trolltunga', 4), ('coyote?,[deleted],of', 4), ('the grand canyon', 3), ('newton', 3)]","[(""impression?,i'm"", 9), ('easy', 6), ('aiguille du midi', 4), ('skyrim', 4), ('problem](http://survivaltopics.com', 4)]","[('stavanger', 2), ('meep', 1)]"
62,8qsrzz,"[('reno', 21), ('the red beach', 9), ('athens', 9), ('thira', 7), ('usually', 5)]","[('atv', 16), ('usd', 10), ('petra', 10), ('sands', 10), ('santorini', 9)]","[('rock.](https://i.imgur.com/ajms3fn.jpg', 2)]"
63,a6fpf2,"[('salzburg', 48), ('austria', 20), ('germany', 11), ('vienna', 11), ('the great lakes', 6)]","[('hallstatt', 46), ('airbnb', 6), ('vienna budapest', 5), ('vienna to salzburg', 5), ('flowed.,the augustiner brau in salzburg', 5)]","[('warm.,true lol', 2), ('f', 1), ('google doc', 1), ('f rn18/f', 1)]"
64,8uirq7,"[('bishkek', 76), ('kyrgyzstan', 37), ('kazakhstan', 35), ('india', 18), ('uzbekistan', 15)]","[('cbt', 41), ('the gate', 16), ('the silk road', 12), ('apple hostel', 11), ('google', 10)]","[('delorme', 9), (""google translate's"", 3), ('americaporn', 1)]"
65,9xzi8m,"[('turkey', 23), ('sudan', 10), ('us', 9), ('earth', 8), ('mexico', 6)]","[('cappadocia', 5), ('flag*.', 4), ('üòÆ', 2), ('rain.,volcanic', 1), ('wicker', 1)]",[]
66,93t4p9,"[('japan', 58), ('kyoto', 20), ('tokyo', 10), ('osaka', 9), ('san jose', 5)]","[('airbnb', 8), ('pinch.,gunboats', 7), ('rt', 5), ('delicious.,yeah', 5), ('no.,to', 2)]",[]
67,87k1ze,"[('colmar', 48), ('alsace', 13), ('europe', 12), ('strasbourg', 11), ('france', 11)]","[('lake](https://www.visorando.com', 5), ('mont saint', 5), ('castle', 5), ('mine](https://www.reddit.com', 4), ('comments/87k1ze/the_village_of_eguisheim_in_france/dwdmjg4/', 4)]","[('michelin', 4)]"
68,8rdph1,"[('morocco', 53), ('casablanca', 32), ('marrakech', 21), ('italy', 15), ('beijing', 13)]","[('eaaauuu', 6), ('casa', 5), (""6'1"", 4), ('meknes', 4), ('chefchoan', 4)]","[('210', 4)]"
69,93yyjz,"[('iceland', 19), ('us', 7), ('op', 4), ('vik', 2), ('black', 1)]","[('icelandic provisions', 15), ('isey', 9), ('radiohead', 5), ('n1', 4), ('different.,you', 3)]","[('ms icelandic dairies', 4)]"
70,8ptfif,"[('cuba', 342), ('u.s.', 149), ('us', 121), ('vietnam', 59), ('japan', 54)]","[('food](http://www.economywatch.com/world_economy/', 9), ('cusco', 9), ('uruguay', 8), ('another guatemala/honduras/nicaragua/etc', 7), ('the us](https://wits.worldbank.org/countryprofile/en/country/cub/year/2006/tradeflow/expimp/partner/usa/product/all-groups', 7)]","[('pontiacs', 11), ('kleenex', 3), ('408', 2), ('topoly', 1), ('uprising.,>doing', 1)]"
71,9owz7j,"[('spain', 104), ('seville', 55), ('barcelona', 52), ('madrid', 50), ('sevilla', 36)]","[('marseilles', 16), ('marseille', 14), ('valencia', 10), ('metro', 7), ('salamanca', 6)]","[('9-10', 3), ('f', 2), ('the sevilla cathedral real alcazar', 2), ('france.,is marseille', 2), ('c√≥rdoba', 1)]"
72,99x176,"[('athens', 61), ('greece', 25), ('parthenon', 19), ('¬∞', 14), ('islands', 12)]","[('atv', 6), ('9h', 5), ('corinth', 4), ('pantheon', 3), ('too!!,be', 3)]","[('ya', 1)]"
73,8n4o6f,"[('yosemite', 8), ('bass lake', 5), ('mariposa grove', 5), ('bridgeport', 3), ('ca area', 3)]","[('yosemite', 5), ('imo', 5), ('el cap', 4), ('swinging bridge', 4), ('the swinging bridge', 4)]","[('glacier point', 4), ('giant sequoia', 4), ('bridal veil fall', 1)]"
74,armdv0,"[('turin', 24), ('piedmont', 9), ('italy', 8), ('torino', 7), ('europe', 5)]","[('ac milan', 4), ('fri to sun', 4), ('castle', 4), ('the palace of venaria', 3), ('scannabue', 3)]","[('the mole antonelliana', 4)]"
75,9xa7vq,"[('slovenia', 30), ('europe', 18), ('ljubljana', 16), ('croatia', 9), ('paris', 6)]","[('bled', 25), ('wave', 8), ('pixel xl', 5), ('google', 4), ('lake bled', 3)]","[('bohinj', 1), ('lake bled', 1), ('classic', 1)]"
76,asdvjj,"[('rome', 39), ('palatine', 10), ('op', 9), ('pixel', 8), ('egypt', 4)]","[('the roman forum', 11), ('pixel 3', 9), ('pixel', 9), ('google', 6), ('lighting', 4)]","[('3s', 6), ('the roman forumhow', 1), ('palatine', 1), ('the eiffel tower', 1)]"
77,ahedj5,"[('norway', 16), ('oslo', 9), ('troms√∏', 6), ('seattle', 5), ('japan', 5)]","[('trondheim', 30), ('bergen', 11), ('mexinorse', 8), ('inter-norwegian', 5), ('facebook', 4)]","[('canon powershot sx60 hs.,thank', 3), ('canon powershot', 1)]"
78,90tf7b,"[('japan', 218), ('tokyo', 75), ('us', 34), ('okinawa', 26), ('west', 22)]","[('google', 11), ('iwo jima', 10), ('okinawa', 8), ('effects.,well', 7), ('grip.,[removed],i', 7)]","[('ogasawara', 7), ('here.,i', 3), ('foot.,woah', 1), ('japan.,they‚Äôre', 1)]"
79,ak0t5z,"[('switzerland', 20), ('us', 14), ('europe', 9), ('space mountain', 9), ('australia', 3)]","[('matterhorn', 54), ('disneyland', 38), ('cities.,i', 7), ('reddit', 7), ('anaheim', 3)]","[('matterhern', 2), ('deaths/](https://www.snopes.com', 2)]"
80,9r8isb,"[('bosnia', 64), ('herzegovina', 23), ('croatia', 22), ('slovenia', 16), ('finland', 15)]","[('the austro-hungarians ""', 11), ('bih', 9), ('cia', 8), ('trinidad & tobago', 8), ('fyi', 8)]","[('factbook', 8), ('herzegovina', 2)]"
81,8q04mn,"[('indonesia', 56), ('us', 51), ('aceh', 22), ('bali', 15), ('north sulawesi', 7)]","[('lgbt', 20), ('nra', 15), ('pda', 13), ('hotel', 9), ('hotels', 9)]","[('gotta', 3)]"
82,91h2r6,"[('iran', 88), ('tehran', 20), ('us', 17), ('america', 8), ('armenia', 6)]","[('meybod', 6), ('cyrus', 6), ('naqsh', 6), ('ministry of foreign affairs', 6), ('shomal for a week', 6)]","[('the visa waiver program', 2)]"
83,9g9j5d,"[('amsterdam', 138), ('europe', 56), ('london', 40), ('paris', 38), ('utrecht', 30)]","[('public.,but', 12), ('wow', 11), ('response.,because', 10), ('febo', 7), ('reddit', 6)]","[('viatour', 8), ('van gogh', 3), ('gambit chesscafe', 1)]"
84,8hv86q,"[('edinburgh', 76), ('scotland', 33), ('ireland', 24), ('inverness', 20), ('skye', 19)]","[('the hairy coo', 17), (""mcdonald's"", 8), ('mcdonalds', 8), ('galway', 8), ('augustus / loch ness', 7)]","[('the voodoo rooms', 2), ('the blue blazer', 2), ('kelpies', 1)]"
85,9lucds,"[('iceland', 111), ('reykjavik', 27), ('us', 18), ('europe', 17), ('jamaica', 14)]","[('the usa', 7), ('airbnb', 5), ('reykjavik', 5), ('hate', 5), ('https://en.vedur.is/weather/forecasts/aurora/,it‚Äôs', 5)]","[('wilderness hotel muotka', 3)]"
86,813bmu,"[('india', 103), ('south india', 8), ('indo', 6), ('tibet', 6), ('spiti valley', 5)]","[(""exposed.,i'm"", 7), ('western canada', 6), ('reddit', 3), ('nz', 2), ('arunachal pradesh', 1)]","[('google translate', 3)]"
87,9qehln,"[('rome', 48), ('italy', 26), ('florence', 25), ('trastevere', 16), ('san gimignano', 9)]","[('pantheon', 9), ('the accademia gallery', 6), ('tasty', 5), ('cioccolata e vino', 3), ('imo', 3)]","[('galileo', 6), ('frigidarium', 4), ('Ô∏è edit', 3), ('eatwith', 3)]"
88,a6yjkv,"[('santiago', 4), ('patagonia', 3), ('australia', 2), ('serious!,just', 1), ('northern chile', 1)]","[('the carretera austral', 2), ('explora', 1), ('paine', 1)]","[('london.,got', 2), ('truman', 1), ('tierra del fuego', 1)]"
89,ambuj1,"[('lake louise', 16), ('calgary', 15), ('rockies', 9), ('vancouver', 8), ('alberta', 8)]","[('bc', 9), ('lake louise', 9), ('yoho national park', 3), ('the ice line trail', 3), ('hotel', 2)]","[('the rocky mountaineer', 6), ('fairmont', 4)]"
90,apgh2d,"[('iceland', 27), ('guatemala', 16), ('antigua', 16), ('reykjavik', 14), ('santiago', 13)]","[('kp', 24), ('atitlan', 11), ('the golden circle', 7), ('flickr.](https://www.flickr.com/photos/163391287@n06/', 7), ('super jeep', 7)]","[('f-roads', 7), ('the volc√°n de fuego', 1)]"
91,9ln8dz,"[('thailand', 17), ('moorea', 12), ('texas', 11), ('vietnam', 9), ('mumbai', 8)]","[('kauai', 13), ('giants', 8), ('cubs', 5), ('wrigley field', 5), ('facebook', 4)]","[('100k', 4), ('giantsheck', 1)]"
92,8eiv2u,"[('austria', 42), ('salzburg', 18), ('switzerland', 17), ('hallstatt', 12), ('vienna', 10)]","[('hallstatt', 45), ('obertraun', 30), ('obb', 14), ('westbahn', 8), ('kauai', 6)]","[('jungfraujoch', 6), ('fucking', 6), ('salzburg hbf', 2), ('scenery?,google', 1), ('vorteilscard', 1)]"
93,9en5qg,"[('france', 32), ('paris', 26), ('nice', 25), ('monaco', 21), ('brussels', 9)]","[('rer', 14), ('ter', 5), ('google maps', 4), ('plage mala', 3), ('eu', 3)]","[('juan', 2)]"
94,8sav3r,"[('vietnam', 126), ('op', 74), ('mexico', 64), ('instagram', 53), ('canada', 50)]","[('reddit', 23), ('ig', 14), ('disney', 9), ('the ex-fianc√©', 9), ('platinum', 9)]","[('value"".,are', 7), ('whut.,i', 4), ('phong nha', 2), ('ewen', 2), ('selfish.,lol', 2)]"
95,864cb4,"[('alabama', 11), ('colombia', 7), ('cartagena', 4), ('katmandu', 3), ('this conde nast', 3)]","[('video night', 3), ('cartagena', 2), ('tex.,til op', 1), ('columbia', 1), ('alabama,[deleted],i', 1)]","[('üá¥', 1)]"
96,afi3th,"[('japan', 134), ('tokyo', 71), ('osaka', 57), ('kyoto', 49), ('us', 25)]","[('kyoto station', 10), ('kobe', 8), ('the usa and northern europe', 6), ('the shinkansen bullet trains', 6), ('best', 5)]","[('children', 5), ('cheap', 2), ('hiroshima carp', 2), ('planet.,nara', 1)]"
97,9uzagb,"[('england', 23), ('segovia', 15), ('barcelona', 14), ('london', 13), ('monty', 9)]","[('renaissance', 29), ('sphinx', 19), ('imperial', 16), ('the life of brian', 9), ('claudius ptolemy', 8)]","[('galileo', 8), ('the dark ages', 2), ('https://imgur.com/gallery/2khiyks,neat', 1)]"
98,9tt3j8,"[('naples', 90), ('italy', 56), ('sorrento', 42), ('beverello', 40), ('ischia', 30)]","[('capri', 32), ('positano', 16), ('til penguins', 10), ('reddit', 10), ('sorrento', 7)]","[('capitano ago', 2)]"
99,8j3hi6,"[('slovenia', 60), ('balkans', 15), ('the julian alps', 12), ('ljubljana', 11), ('europe', 11)]","[('lake bled', 13), ('kotor', 13), ('bled', 11), ('google maps', 6), ('lake bled - vintgar gorge - lake bohinj', 5)]","[('lake bled', 1), ('google map', 1), ('the √°-s', 1)]"
